"Nr";"Katalog";"Deutsch";"Englisch";"Franzoesisch";"Status";"Hinweis";"Anmerkung EN";"Anmerkung FR"
"1";"BackPlaner/Localizable.xcstrings";"„%@“";"“%@”";"« %@ »";"en=machine_translated / fr=machine_translated";"Platzhalter";"";""
"2";"BackPlaner/Localizable.xcstrings";"„%@“ wird als Administrator endgültig aus der öffentlichen Datenbank entfernt.";"“%@” will be permanently removed from the public database as an administrator.";"« %@ » sera supprimée définitivement de la base de données publique en tant qu’administrateur.";"en=machine_translated / fr=machine_translated";"Platzhalter";"";""
"3";"BackPlaner/Localizable.xcstrings";"%1$@, privates Rezept, Bewertung %2$lld von 5 Sternen";"%1$@, private recipe, rating %2$lld out of 5 stars";"%1$@, recette privée, note %2$lld sur 5 étoiles";"en=machine_translated / fr=machine_translated";"Platzhalter";"";""
"4";"BackPlaner/Localizable.xcstrings";"%1$lld von %2$lld Sternen";"%1$lld out of %2$lld stars";"%1$lld sur %2$lld étoiles";"en=machine_translated / fr=machine_translated";"Platzhalter";"";""
"5";"BackPlaner/Localizable.xcstrings";"Abmelden fehlgeschlagen";"Sign-out failed";"Échec de la déconnexion";"en=machine_translated / fr=machine_translated";"";"";""
"6";"BackPlaner/Localizable.xcstrings";"Adresse der Rezeptseite";"Address of the Recipe Page";"Adresse de la page de recette";"en=machine_translated / fr=machine_translated";"";"";""
"7";"BackPlaner/Localizable.xcstrings";"Alle Rezepte";"All recipes";"Toutes les recettes";"en=machine_translated / fr=machine_translated";"";"";""
"8";"BackPlaner/Localizable.xcstrings";"Allgemeine Rezeptvorlage";"General recipe source";"Source de recette générale";"en=machine_translated / fr=machine_translated";"";"";""
"9";"BackPlaner/Localizable.xcstrings";"Als öffentliches Rezept speichern";"Save as a public recipe";"Enregistrer comme recette publique";"en=machine_translated / fr=machine_translated";"";"";""
"10";"BackPlaner/Localizable.xcstrings";"Als Rezeptnamen übernehmen";"Use as the recipe name";"Utiliser comme nom de la recette";"en=machine_translated / fr=machine_translated";"";"";""
"11";"BackPlaner/Localizable.xcstrings";"Andere Seite laden";"Load a Different Page";"Charger une autre page";"en=machine_translated / fr=machine_translated";"";"";""
"12";"BackPlaner/Localizable.xcstrings";"Anmeldung erforderlich";"Sign-in required";"Connexion requise";"en=machine_translated / fr=machine_translated";"";"";""
"13";"BackPlaner/Localizable.xcstrings";"Apple-Konto";"Apple Account";"Compte Apple";"en=machine_translated / fr=machine_translated";"";"";""
"14";"BackPlaner/Localizable.xcstrings";"Auf der Seite wurde kein Rezept mit Zutaten und Arbeitsschritten gefunden.";"No recipe with ingredients and steps was found on the page.";"Aucune recette avec des ingrédients et des étapes n’a été trouvée sur la page.";"en=machine_translated / fr=machine_translated";"";"";""
"15";"BackPlaner/Localizable.xcstrings";"Auswahl";"Selection";"Sélection";"en=machine_translated / fr=machine_translated";"";"";""
"16";"BackPlaner/Localizable.xcstrings";"Backfoto anzeigen";"Show baking photo";"Afficher la photo de cuisson";"en=machine_translated / fr=machine_translated";"";"";""
"17";"BackPlaner/Localizable.xcstrings";"Backöfen";"Ovens";"Fours";"en=machine_translated / fr=machine_translated";"";"";""
"18";"BackPlaner/Localizable.xcstrings";"BackPlaner speichert die übertragenen Rezeptbilder und Seitentexte weder in Firebase Storage noch in der Rezept-Datenbank. Sie werden innerhalb der Analyseanfrage verarbeitet und nicht dauerhaft abgelegt.";"BackPlaner stores neither the transmitted recipe images nor the page texts in Firebase Storage or in the recipe database. They are processed within the analysis request and are not kept permanently.";"BackPlaner n’enregistre ni les images de recettes ni les textes de pages transmis, que ce soit dans Firebase Storage ou dans la base de données de recettes. Ils sont traités dans le cadre de la demande d’analyse et ne sont pas conservés durablement.";"en=machine_translated / fr=machine_translated";"langer Text";"";""
"19";"BackPlaner/Localizable.xcstrings";"Bearbeitungsdauer: %@";"Working time: %@";"Durée de travail : %@";"en=machine_translated / fr=machine_translated";"Platzhalter";"";""
"20";"BackPlaner/Localizable.xcstrings";"Benutzerhandbuch";"User Manual";"Manuel de l’utilisateur";"en=machine_translated / fr=machine_translated";"";"";""
"21";"BackPlaner/Localizable.xcstrings";"Bitte ein Kürzel angeben.";"Enter an abbreviation.";"Saisissez une abréviation.";"en=machine_translated / fr=machine_translated";"";"";""
"22";"BackPlaner/Localizable.xcstrings";"Bitte einen Namen angeben.";"Enter a name.";"Saisissez un nom.";"en=machine_translated / fr=machine_translated";"";"";""
"23";"BackPlaner/Localizable.xcstrings";"Blockierte Autoren";"Blocked Authors";"Auteurs bloqués";"en=machine_translated / fr=machine_translated";"";"";""
"24";"BackPlaner/Localizable.xcstrings";"Blockierte Autoren erscheinen sofort wieder in der Rezept-Datenbank. Ein gemeldetes Rezept bleibt dagegen für alle Nutzer ausgeblendet, bis ein Administrator es geprüft hat — das Zurücknehmen wirkt erst danach.";"Authors you unblock reappear in the recipe database right away. A reported recipe, however, stays hidden from all users until an administrator has reviewed it — clearing it here only takes effect after that.";"Les auteurs que vous débloquez réapparaissent immédiatement dans la base de recettes. En revanche, une recette signalée reste masquée pour tous les utilisateurs jusqu’à ce qu’un administrateur l’ait examinée : l’effacement ne prend effet qu’après.";"en=machine_translated / fr=machine_translated";"langer Text";"";""
"25";"BackPlaner/Localizable.xcstrings";"Blockierungen aufheben";"Unblock All Authors";"Débloquer tous les auteurs";"en=machine_translated / fr=machine_translated";"";"";""
"26";"BackPlaner/Localizable.xcstrings";"Bruch";"Fraction";"Fraction";"en=machine_translated / fr=machine_translated";"";"";""
"27";"BackPlaner/Localizable.xcstrings";"Cloud-Rezept kann nicht geändert werden";"Cloud recipe cannot be changed";"La recette dans le cloud ne peut pas être modifiée";"en=machine_translated / fr=machine_translated";"";"";""
"28";"BackPlaner/Localizable.xcstrings";"Das Kürzel „%@“ ist schon vergeben.";"The abbreviation “%@” is already taken.";"L’abréviation « %@ » est déjà utilisée.";"en=machine_translated / fr=machine_translated";"Platzhalter";"";""
"29";"BackPlaner/Localizable.xcstrings";"Das Rezept bleibt auf dem Gerät und wird über Deine iCloud gesichert.";"The recipe stays on the device and is backed up through your iCloud.";"La recette reste sur l’appareil et est sauvegardée dans votre iCloud.";"en=machine_translated / fr=machine_translated";"";"";""
"30";"BackPlaner/Localizable.xcstrings";"Das Rezept liegt jetzt unter „Eigene Rezepte“ auf diesem Gerät und wird über Deine iCloud gesichert. Dort kannst Du es bearbeiten, ohne das öffentliche Rezept zu verändern.";"The recipe is now in “My recipes” on this device and is backed up through your iCloud. You can edit it there without changing the public recipe.";"La recette se trouve maintenant dans « Mes recettes » sur cet appareil et est sauvegardée dans votre iCloud. Vous pouvez l’y modifier sans toucher à la recette publique.";"en=machine_translated / fr=machine_translated";"langer Text";"";""
"31";"BackPlaner/Localizable.xcstrings";"Das Rezept steht jetzt allen Nutzern zur Verfügung. Deine private Fassung ist unverändert — Du kannst sie über „Weitere Aktionen“ löschen, wenn Du sie nicht doppelt behalten willst.";"The recipe is now available to all users. Your private version is unchanged—you can delete it from “More actions” if you don’t want to keep two copies of it.";"La recette est désormais disponible pour tous les utilisateurs. Votre version privée est inchangée — vous pouvez la supprimer via « Plus d’actions » si vous ne souhaitez pas la conserver en double.";"en=machine_translated / fr=machine_translated";"langer Text";"";""
"32";"BackPlaner/Localizable.xcstrings";"Das Rezept wird endgültig aus Deiner privaten Ablage in der Rezept-Datenbank entfernt.";"The recipe will be permanently removed from your private storage in the recipe database.";"La recette sera supprimée définitivement de votre emplacement privé dans la base de recettes.";"en=machine_translated / fr=machine_translated";"";"";""
"33";"BackPlaner/Localizable.xcstrings";"Das Rezept wird für alle Nutzer sichtbar und kann danach nicht mehr geändert werden. Veröffentliche nur Rezepte, die keine Urheberrechte verletzen. Deine private Fassung bleibt erhalten.";"The recipe becomes visible to all users and can no longer be changed afterward. Only publish recipes that don’t infringe copyright. Your private version is kept.";"La recette devient visible par tous les utilisateurs et ne pourra plus être modifiée ensuite. Ne publiez que des recettes qui ne portent atteinte à aucun droit d’auteur. Votre version privée est conservée.";"en=machine_translated / fr=machine_translated";"langer Text";"";""
"34";"BackPlaner/Localizable.xcstrings";"Das Rezept wird für alle Nutzer sichtbar. Veröffentliche nur Rezepte, die keine Urheberrechte verletzen.";"The recipe becomes visible to all users. Only publish recipes that don’t infringe copyright.";"La recette devient visible par tous les utilisateurs. Ne publiez que des recettes qui ne portent atteinte à aucun droit d’auteur.";"en=machine_translated / fr=machine_translated";"";"";""
"35";"BackPlaner/Localizable.xcstrings";"Das Rezept wird in der Rezept-Datenbank gesichert, ist aber nur für Dich sichtbar. Geeignet für Rezepte, die Du nicht veröffentlichen darfst. Dazu ist eine Anmeldung mit Apple nötig.";"The recipe is saved in the recipe database, but is visible only to you. Suitable for recipes you aren’t allowed to publish. This requires Sign in with Apple.";"La recette est enregistrée dans la base de recettes, mais elle n’est visible que par vous. Convient aux recettes que vous n’avez pas le droit de publier. Pour cela, vous devez vous connecter avec Apple.";"en=machine_translated / fr=machine_translated";"langer Text";"";""
"36";"BackPlaner/Localizable.xcstrings";"Das Rezept wurde ohne KI aus den strukturierten Daten der Seite übernommen. Komponenten und Dauern bitte besonders prüfen.";"The recipe was taken from the page’s structured data without AI. Please check the components and durations with particular care.";"La recette a été reprise sans IA à partir des données structurées de la page. Vérifiez tout particulièrement les composants et les durées.";"en=machine_translated / fr=machine_translated";"langer Text";"";""
"37";"BackPlaner/Localizable.xcstrings";"Das sieht noch nicht nach einer vollständigen Internetadresse aus.";"This does not look like a complete web address yet.";"Cela ne ressemble pas encore à une adresse web complète.";"en=machine_translated / fr=machine_translated";"";"";""
"38";"BackPlaner/Localizable.xcstrings";"Dauer in Minuten";"Duration in minutes";"Durée en minutes";"en=machine_translated / fr=machine_translated";"";"";""
"39";"BackPlaner/Localizable.xcstrings";"Dauer: %lld Minuten";"Duration: %lld minutes";"Durée : %lld minutes";"en=machine_translated / fr=machine_translated";"Platzhalter";"";""
"40";"BackPlaner/Localizable.xcstrings";"Dauer: %lld Std.";"Duration: %lld h";"Durée : %lld h";"en=machine_translated / fr=machine_translated";"Platzhalter";"";""
"41";"BackPlaner/Localizable.xcstrings";"Dauer: %1$lld Std. %2$lld Min.";"Duration: %1$lld h %2$lld min";"Durée : %1$lld h %2$lld min";"en=machine_translated / fr=machine_translated";"Platzhalter";"";""
"42";"BackPlaner/Localizable.xcstrings";"Dauer: 1 Minute";"Duration: 1 minute";"Durée : 1 minute";"en=machine_translated / fr=machine_translated";"";"";""
"43";"BackPlaner/Localizable.xcstrings";"Deine privaten Rezepte in der Rezept-Datenbank sind erst wieder sichtbar, wenn Du Dich erneut anmeldest. Rezepte auf diesem Gerät und von Dir veröffentlichte Rezepte bleiben unberührt.";"Your private recipes in the recipe database become visible again only after you sign in. Recipes on this device and recipes you published are untouched.";"Vos recettes privées dans la base de recettes ne seront de nouveau visibles qu’après une nouvelle connexion. Les recettes présentes sur cet appareil et celles que vous avez publiées ne sont pas touchées.";"en=machine_translated / fr=machine_translated";"langer Text";"";""
"44";"BackPlaner/Localizable.xcstrings";"Deine privaten Rezepte in der Rezept-Datenbank werden mit ihren Bildern gelöscht und die Anmeldung wird aufgehoben. Rezepte, die Du veröffentlicht hast, bleiben für alle Nutzer sichtbar. Rezepte auf diesem Gerät bleiben erhalten. Das lässt sich nicht widerrufen.";"Your private recipes in the recipe database are deleted along with their images, and your Apple Account is unlinked. Recipes you’ve published stay visible to all users. Recipes on this device are kept. This can’t be undone.";"Vos recettes privées dans la base de recettes sont supprimées avec leurs images et votre compte Apple est dissocié. Les recettes que vous avez publiées restent visibles par tous les utilisateurs. Les recettes présentes sur cet appareil sont conservées. Cette action est irréversible.";"en=machine_translated / fr=machine_translated";"langer Text";"";""
"45";"BackPlaner/Localizable.xcstrings";"Deine privaten Rezepte und die Anmeldung sind entfernt. Du kannst die App weiter verwenden und Dich jederzeit neu anmelden.";"Your private recipes and your sign-in have been removed. You can keep using the app and sign in again at any time.";"Vos recettes privées et votre connexion ont été supprimées. Vous pouvez continuer à utiliser l’app et vous reconnecter à tout moment.";"en=machine_translated / fr=machine_translated";"langer Text";"";""
"46";"BackPlaner/Localizable.xcstrings";"Der Rezepttext der Seite wird verschlüsselt über den geschützten BackPlaner-Server von Google Vertex AI analysiert. Dafür ist einmalig Deine Einwilligung nötig.";"The page’s recipe text is analyzed by Google Vertex AI through the protected BackPlaner server, in encrypted form. This requires your consent once.";"Le texte de recette de la page est analysé de manière chiffrée par Google Vertex AI via le serveur protégé de BackPlaner. Votre consentement est nécessaire une seule fois.";"en=machine_translated / fr=machine_translated";"langer Text";"";""
"47";"BackPlaner/Localizable.xcstrings";"Der Rezepttext der von Dir angegebenen Internetseite und ihre Adresse werden verschlüsselt an den geschützten Firebase-Endpunkt von BackPlaner und von dort an Google Vertex AI übertragen. Google ist dabei ein externer KI-Anbieter. Zur Absicherung und Nutzungsbegrenzung werden außerdem eine pseudonyme Firebase-Nutzerkennung, der App-Check-Nachweis sowie Anfragezeit und -anzahl verarbeitet.";"The recipe text of the web page you entered and its address are transmitted in encrypted form to BackPlaner’s protected Firebase endpoint and from there to Google Vertex AI. Google is an external AI provider. To secure the service and limit usage, a pseudonymous Firebase user ID, the App Check attestation, and the time and number of requests are also processed.";"Le texte de recette de la page web que vous avez indiquée ainsi que son adresse sont transmis de manière chiffrée au point de terminaison Firebase protégé de BackPlaner, puis à Google Vertex AI. Google est un fournisseur d’IA externe. Pour la sécurisation et la limitation d’usage, un identifiant d’utilisateur Firebase pseudonyme, l’attestation App Check ainsi que l’heure et le nombre des demandes sont également traités.";"en=machine_translated / fr=machine_translated";"langer Text";"";""
"48";"BackPlaner/Localizable.xcstrings";"Der Seitentext verlässt das Gerät nicht. Ohne Apple Intelligence werden nur die strukturierten Rezeptdaten der Seite übernommen.";"The page text does not leave the device. Without Apple Intelligence, only the page’s structured recipe data is used.";"Le texte de la page ne quitte pas l’appareil. Sans Apple Intelligence, seules les données de recette structurées de la page sont reprises.";"en=machine_translated / fr=machine_translated";"langer Text";"";""
"49";"BackPlaner/Localizable.xcstrings";"Details zu %@";"Details for %@";"Détails de %@";"en=machine_translated / fr=machine_translated";"Platzhalter";"";""
"50";"BackPlaner/Localizable.xcstrings";"Die Adresse ist keine gültige Internetadresse. Sie muss mit https:// beginnen oder einen Domainnamen enthalten.";"This is not a valid web address. It must start with https:// or contain a domain name.";"Cette adresse n’est pas une adresse web valide. Elle doit commencer par https:// ou contenir un nom de domaine.";"en=machine_translated / fr=machine_translated";"";"";""
"51";"BackPlaner/Localizable.xcstrings";"Die Analyse in der Cloud erfolgt nur auf Grundlage Deiner vorherigen ausdrücklichen Einwilligung. Ohne Einwilligung wird keine Cloud-Analyse gestartet.";"Analysis in the cloud only takes place on the basis of your prior explicit consent. Without consent, no cloud analysis is started.";"L’analyse dans le cloud n’a lieu que sur la base de votre consentement préalable et explicite. Sans consentement, aucune analyse cloud n’est lancée.";"en=machine_translated / fr=machine_translated";"langer Text";"";""
"52";"BackPlaner/Localizable.xcstrings";"Die Anmeldung wird für private Cloud-Rezepte benötigt: nur so bleiben sie nach einer Neuinstallation erreichbar. Administratoren verwalten damit gemeldete Rezepte.";"Signing in is required for private cloud recipes: It’s the only way they stay accessible after you reinstall the app. Administrators use it to manage reported recipes.";"La connexion est nécessaire pour les recettes privées dans le cloud : c’est le seul moyen de les garder accessibles après une réinstallation. Les administrateurs s’en servent pour gérer les recettes signalées.";"en=machine_translated / fr=machine_translated";"langer Text";"";""
"53";"BackPlaner/Localizable.xcstrings";"Die Backzeit (%1$@) überschneidet sich mit %2$@. Zusammen wären das mehr Backvorgänge, als Du Backöfen hast (%3$lld).";"The baking time (%1$@) overlaps with %2$@. Together that would be more bakes than you have ovens (%3$lld).";"Le temps de cuisson (%1$@) chevauche %2$@. Cela ferait plus de cuissons en même temps que vous n’avez de fours (%3$lld).";"en=machine_translated / fr=machine_translated";"Platzhalter";"";""
"54";"BackPlaner/Localizable.xcstrings";"Die Backzeit (%1$@) überschneidet sich mit der Backzeit von „%2$@“ (%3$@) und braucht deshalb einen weiteren Backofen.";"The baking time (%1$@) overlaps with the baking time of “%2$@” (%3$@) and therefore needs another oven.";"Le temps de cuisson (%1$@) chevauche le temps de cuisson de « %2$@ » (%3$@) et nécessite donc un four supplémentaire.";"en=machine_translated / fr=machine_translated";"Platzhalter";"";""
"55";"BackPlaner/Localizable.xcstrings";"Die Daten werden verschlüsselt an eine geschützte Google Firebase Cloud Function von BackPlaner in der Region europe-west1 übertragen. Die ausgewählten Bilder beziehungsweise der Seitentext werden von dort an Google Vertex AI (Gemini) am Standort EU zur Analyse weitergegeben. Die Internetseite selbst lädt Dein Gerät direkt.";"The data is transmitted in encrypted form to a protected Google Firebase Cloud Function of BackPlaner in the europe-west1 region. From there, the selected images or the page text are passed on to Google Vertex AI (Gemini) in the EU for analysis. The web page itself is loaded directly by your device.";"Les données sont transmises de manière chiffrée à une Cloud Function Google Firebase protégée de BackPlaner dans la région europe-west1. De là, les images sélectionnées ou le texte de la page sont transmis à Google Vertex AI (Gemini), situé dans l’UE, pour analyse. La page web elle-même est chargée directement par votre appareil.";"en=machine_translated / fr=machine_translated";"langer Text";"";""
"56";"BackPlaner/Localizable.xcstrings";"Die Menge gilt für diese Einkaufsliste. Das Rezept bleibt unverändert.";"The amount applies to this shopping list. The recipe stays unchanged.";"La quantité s’applique à cette liste de courses. La recette reste inchangée.";"en=machine_translated / fr=machine_translated";"";"";""
"57";"BackPlaner/Localizable.xcstrings";"Die Seite konnte nicht geladen werden (Fehler %lld). Manche Seiten verlangen eine Anmeldung oder sperren den Abruf.";"The page could not be loaded (error %lld). Some pages require a login or block automated access.";"La page n’a pas pu être chargée (erreur %lld). Certaines pages exigent une connexion ou bloquent la consultation.";"en=machine_translated / fr=machine_translated";"Platzhalter";"";""
"58";"BackPlaner/Localizable.xcstrings";"Die Seite konnte nicht geladen werden. Bitte prüfe die Adresse und die Internetverbindung.";"The page could not be loaded. Please check the address and your internet connection.";"La page n’a pas pu être chargée. Vérifiez l’adresse et la connexion Internet.";"en=machine_translated / fr=machine_translated";"";"";""
"59";"BackPlaner/Localizable.xcstrings";"Die Seite selbst wird von Deinem Gerät geladen. Der Text wird ausschließlich analysiert, um daraus einen Rezeptentwurf mit Zutaten und Arbeitsschritten zu erstellen. BackPlaner speichert den übertragenen Text nicht in Firebase Storage oder in der Rezept-Datenbank.";"The page itself is loaded by your device. The text is analyzed solely to create a recipe draft with ingredients and steps. BackPlaner does not store the transmitted text in Firebase Storage or in the recipe database.";"La page elle-même est chargée par votre appareil. Le texte est analysé uniquement pour en créer un brouillon de recette avec les ingrédients et les étapes. BackPlaner n’enregistre pas le texte transmis dans Firebase Storage ni dans la base de données de recettes.";"en=machine_translated / fr=machine_translated";"langer Text";"";""
"60";"BackPlaner/Localizable.xcstrings";"Die Umrechnung muss größer als 0 sein.";"The conversion has to be greater than 0.";"La conversion doit être supérieure à 0.";"en=machine_translated / fr=machine_translated";"";"";""
"61";"BackPlaner/Localizable.xcstrings";"Die Verarbeitung erfolgt ausschließlich, um Zutaten, Mengen, Zeiten und Arbeitsschritte aus den Bildern oder dem Seitentext zu erkennen und daraus einen Rezeptentwurf zu erstellen. Die technischen Daten dienen der Absicherung des Endpunkts und dem Schutz vor missbräuchlicher oder übermäßiger Nutzung.";"Processing takes place solely to recognize ingredients, amounts, times, and steps in the images or the page text and to create a recipe draft from them. The technical data serves to secure the endpoint and to protect against abusive or excessive use.";"Le traitement sert exclusivement à reconnaître les ingrédients, les quantités, les durées et les étapes dans les images ou le texte de la page, puis à en créer un brouillon de recette. Les données techniques servent à sécuriser le point de terminaison et à protéger contre une utilisation abusive ou excessive.";"en=machine_translated / fr=machine_translated";"langer Text";"";""
"62";"BackPlaner/Localizable.xcstrings";"Du bist abgemeldet";"You’re signed out";"Déconnexion effectuée";"en=machine_translated / fr=machine_translated";"";"";""
"63";"BackPlaner/Localizable.xcstrings";"Du hast noch keine eigene Einheit angelegt. Die mitgelieferten Einheiten stehen in der Auswahlliste immer zur Verfügung.";"You haven’t added a unit of your own yet. The units that come with the app are always available in the list.";"Vous n’avez pas encore ajouté d’unité personnalisée. Les unités fournies avec l’app sont toujours disponibles dans la liste.";"en=machine_translated / fr=machine_translated";"";"";""
"64";"BackPlaner/Localizable.xcstrings";"Du kannst stattdessen jederzeit die lokale Analyse verwenden. Dann verlässt der Seitentext Dein Gerät nicht.";"You can use the local analysis instead at any time. The page text then does not leave your device.";"Vous pouvez à tout moment utiliser l’analyse locale à la place. Le texte de la page ne quitte alors pas votre appareil.";"en=machine_translated / fr=machine_translated";"";"";""
"65";"BackPlaner/Localizable.xcstrings";"Eigene Einheiten";"Custom units";"Unités personnalisées";"en=machine_translated / fr=machine_translated";"";"";""
"66";"BackPlaner/Localizable.xcstrings";"Ein Rezept in der Rezept-Datenbank kann nach dem Speichern nicht mehr geändert werden. Es ist nur für Dich sichtbar.";"A recipe in the recipe database can no longer be changed after it has been saved. It’s visible only to you.";"Une recette dans la base de recettes ne peut plus être modifiée après son enregistrement. Elle n’est visible que par vous.";"en=machine_translated / fr=machine_translated";"";"";""
"67";"BackPlaner/Localizable.xcstrings";"Eine Einheit sagt der App, wie sie eine Menge in ein Gewicht umrechnet. Davon leben die Gesamtzutaten, die Bäckerprozente und die Einkaufsliste. Deshalb braucht auch eine eigene Einheit eine Umrechnung — ohne sie würde „2 Becher Mehl“ als 2 Gramm zählen.";"A unit tells the app how to turn an amount into a weight. The total ingredients, the baker’s percentages and the shopping list all depend on it, which is why a unit of your own needs a conversion too — without one, “2 cups of flour” would count as 2 grams.";"Une unité indique à l’app comment convertir une quantité en poids. Le total des ingrédients, les pourcentages boulangers et la liste de courses en dépendent : c’est pourquoi une unité personnalisée a aussi besoin d’une conversion. Sans elle, « 2 tasses de farine » compterait pour 2 grammes.";"en=machine_translated / fr=machine_translated";"langer Text";"";""
"68";"BackPlaner/Localizable.xcstrings";"Einheit auswählen, unbekannte Einheit";"Select unit, unknown unit";"Sélectionner une unité, unité inconnue";"en=machine_translated / fr=machine_translated";"";"";""
"69";"BackPlaner/Localizable.xcstrings";"Einheit hinzufügen";"Add unit";"Ajouter une unité";"en=machine_translated / fr=machine_translated";"";"";""
"70";"BackPlaner/Localizable.xcstrings";"Einheit nicht angelegt";"Unit not added";"Unité non ajoutée";"en=machine_translated / fr=machine_translated";"";"";""
"71";"BackPlaner/Localizable.xcstrings";"Erkannte Vorlage";"Detected source";"Source détectée";"en=machine_translated / fr=machine_translated";"";"";""
"72";"BackPlaner/Localizable.xcstrings";"Erneut anmelden";"Sign in again";"Se reconnecter";"en=machine_translated / fr=machine_translated";"";"";""
"73";"BackPlaner/Localizable.xcstrings";"Es werden weder Name noch E-Mail-Adresse abgefragt.";"You’re not asked for your name or email address.";"Ni votre nom ni votre adresse e-mail ne sont demandés.";"en=machine_translated / fr=machine_translated";"";"";""
"74";"BackPlaner/Localizable.xcstrings";"Fotografiere alle Seiten oder wähle sie in der richtigen Reihenfolge aus. Gut lesbare, gerade Bilder liefern das beste Ergebnis. Beschneide die Bilder so, dass Logos, Kopf- und Fußzeilen möglichst wegfallen.";"Take a photo of every page or select the pages in the correct order. Straight, clearly readable images give the best results. Crop the images so that logos, headers and footers are left out.";"Photographiez toutes les pages ou sélectionnez-les dans le bon ordre. Des images droites et bien lisibles donnent les meilleurs résultats. Recadrez les images afin d’écarter autant que possible les logos, en-têtes et pieds de page.";"en=machine_translated / fr=machine_translated";"langer Text";"";""
"75";"BackPlaner/Localizable.xcstrings";"Füge die Adresse einer Internetseite mit einem Backrezept ein. Die App lädt die Seite, liest Zutaten und Arbeitsschritte aus und zeigt sie Dir vor dem Speichern.";"Paste the address of a web page with a baking recipe. The app loads the page, reads the ingredients and steps, and shows them to you before saving.";"Collez l’adresse d’une page web contenant une recette de boulangerie. L’app charge la page, en extrait les ingrédients et les étapes et vous les présente avant l’enregistrement.";"en=machine_translated / fr=machine_translated";"langer Text";"";""
"76";"BackPlaner/Localizable.xcstrings";"Für Angaben wie ½ Würfel Hefe. Leer lassen, wenn Du mit der Menge oben arbeitest.";"For amounts like ½ cube of yeast. Leave these empty if you use the amount above.";"Pour des indications comme ½ cube de levure. Laissez ces champs vides si vous utilisez la quantité ci-dessus.";"en=machine_translated / fr=machine_translated";"";"";""
"77";"BackPlaner/Localizable.xcstrings";"Für dieses Rezept sind keine Zutaten hinterlegt, die auf eine Einkaufsliste passen.";"This recipe doesn’t have any ingredients that can be added to a shopping list.";"Cette recette ne contient aucun ingrédient pouvant être ajouté à une liste de courses.";"en=machine_translated / fr=machine_translated";"";"";""
"78";"BackPlaner/Localizable.xcstrings";"Gemessen in";"Measured in";"Mesurée en";"en=machine_translated / fr=machine_translated";"";"";""
"79";"BackPlaner/Localizable.xcstrings";"Gesamtzutaten:";"Total ingredients:";"Total des ingrédients :";"en=machine_translated / fr=machine_translated";"";"";""
"80";"BackPlaner/Localizable.xcstrings";"gezählt";"counted";"comptée";"en=machine_translated / fr=machine_translated";"";"";""
"81";"BackPlaner/Localizable.xcstrings";"Gramm";"Grams";"Grammes";"en=machine_translated / fr=machine_translated";"";"";""
"82";"BackPlaner/Localizable.xcstrings";"Hilfe";"Help";"Aide";"en=machine_translated / fr=machine_translated";"";"";""
"83";"BackPlaner/Localizable.xcstrings";"Hilfe und Kontakt";"Help and Contact";"Aide et contact";"en=machine_translated / fr=machine_translated";"";"";""
"84";"BackPlaner/Localizable.xcstrings";"https://…";"https://…";"https://…";"en=machine_translated / fr=machine_translated";"";"";""
"85";"BackPlaner/Localizable.xcstrings";"Import nicht möglich";"Unable to Import";"Importation impossible";"en=machine_translated / fr=machine_translated";"";"";""
"86";"BackPlaner/Localizable.xcstrings";"Internetadresse";"Web Address";"Adresse web";"en=machine_translated / fr=machine_translated";"";"";""
"87";"BackPlaner/Localizable.xcstrings";"Internetadresse der Rezeptseite";"Web address of the recipe page";"Adresse web de la page de recette";"en=machine_translated / fr=machine_translated";"";"";""
"88";"BackPlaner/Localizable.xcstrings";"Keine Dauer erkannt";"No duration detected";"Aucune durée détectée";"en=machine_translated / fr=machine_translated";"";"";""
"89";"BackPlaner/Localizable.xcstrings";"Keine Zutaten vorhanden";"No ingredients available";"Aucun ingrédient disponible";"en=machine_translated / fr=machine_translated";"";"";""
"90";"BackPlaner/Localizable.xcstrings";"KI-Analyse beim Rezeptimport";"AI Analysis for Recipe Import";"Analyse IA à l’importation de recettes";"en=machine_translated / fr=machine_translated";"";"";""
"91";"BackPlaner/Localizable.xcstrings";"Komponente bearbeiten";"Edit component";"Modifier le composant";"en=machine_translated / fr=machine_translated";"";"";""
"92";"BackPlaner/Localizable.xcstrings";"Konto";"Account";"Compte";"en=machine_translated / fr=machine_translated";"";"";""
"93";"BackPlaner/Localizable.xcstrings";"Konto endgültig löschen?";"Permanently delete account?";"Supprimer définitivement le compte ?";"en=machine_translated / fr=machine_translated";"";"";""
"94";"BackPlaner/Localizable.xcstrings";"Konto löschen";"Delete account";"Supprimer le compte";"en=machine_translated / fr=machine_translated";"";"";""
"95";"BackPlaner/Localizable.xcstrings";"Konto wird gelöscht …";"Deleting account…";"Le compte est en cours de suppression…";"en=machine_translated / fr=machine_translated";"";"";""
"96";"BackPlaner/Localizable.xcstrings";"Konto wurde gelöscht";"Account was deleted";"Le compte a été supprimé";"en=machine_translated / fr=machine_translated";"";"";""
"97";"BackPlaner/Localizable.xcstrings";"Kürzel";"Abbreviation";"Abréviation";"en=machine_translated / fr=machine_translated";"";"";""
"98";"BackPlaner/Localizable.xcstrings";"Kürzel der Einheit";"Abbreviation of the unit";"Abréviation de l’unité";"en=machine_translated / fr=machine_translated";"";"";""
"99";"BackPlaner/Localizable.xcstrings";"Lokal";"Local";"Local";"en=machine_translated / fr=machine_translated";"";"";""
"100";"BackPlaner/Localizable.xcstrings";"Mehrere Seiten können gemeinsam analysiert werden; von einer Internetseite genügt die Adresse. Anschließend lässt sich alles bearbeiten.";"You can analyze multiple pages together; for a web page, the address is enough. Everything can be edited afterwards.";"Vous pouvez analyser plusieurs pages ensemble ; pour une page web, l’adresse suffit. Tout peut ensuite être modifié.";"en=machine_translated / fr=machine_translated";"langer Text";"";""
"101";"BackPlaner/Localizable.xcstrings";"Meldungen auf diesem Gerät zurücknehmen";"Clear Reports on This Device";"Effacer les signalements sur cet appareil";"en=machine_translated / fr=machine_translated";"";"";""
"102";"BackPlaner/Localizable.xcstrings";"Menge";"Amount";"Quantité";"en=machine_translated / fr=machine_translated";"";"";""
"103";"BackPlaner/Localizable.xcstrings";"Menge ändern";"Change amount";"Modifier la quantité";"en=machine_translated / fr=machine_translated";"";"";""
"104";"BackPlaner/Localizable.xcstrings";"Milliliter";"Milliliters";"Millilitres";"en=machine_translated / fr=machine_translated";"";"";""
"105";"BackPlaner/Localizable.xcstrings";"Mit „Nur auf diesem Gerät“ werden weder Rezeptbilder noch Seitentexte an Firebase oder Google Vertex AI übertragen. Je nach Verfügbarkeit verwendet die App Apple Intelligence auf dem Gerät, die lokale Texterkennung oder die strukturierten Rezeptdaten der Seite.";"With “On This Device Only”, neither recipe images nor page texts are transmitted to Firebase or Google Vertex AI. Depending on availability, the app uses Apple Intelligence on the device, local text recognition, or the page’s structured recipe data.";"Avec « Sur cet appareil uniquement », ni les images de recettes ni les textes de pages ne sont transmis à Firebase ou à Google Vertex AI. Selon la disponibilité, l’app utilise Apple Intelligence sur l’appareil, la reconnaissance de texte locale ou les données de recette structurées de la page.";"en=machine_translated / fr=machine_translated";"langer Text";"";""
"106";"BackPlaner/Localizable.xcstrings";"Mit Apple anmelden";"Sign in with Apple";"Se connecter avec Apple";"en=machine_translated / fr=machine_translated";"";"";""
"107";"BackPlaner/Localizable.xcstrings";"Moderation";"Moderation";"Modération";"en=machine_translated / fr=machine_translated";"";"";""
"108";"BackPlaner/Localizable.xcstrings";"Name der Einheit";"Name of the unit";"Nom de l’unité";"en=machine_translated / fr=machine_translated";"";"";""
"109";"BackPlaner/Localizable.xcstrings";"Name wählen";"Choose name";"Choisir le nom";"en=machine_translated / fr=machine_translated";"";"";""
"110";"BackPlaner/Localizable.xcstrings";"Name: %@";"Name: %@";"Nom : %@";"en=machine_translated / fr=machine_translated";"Platzhalter";"";""
"111";"BackPlaner/Localizable.xcstrings";"Namen auf der Seite auswählen";"Choose the name on the page";"Choisir le nom sur la page";"en=machine_translated / fr=machine_translated";"";"";""
"112";"BackPlaner/Localizable.xcstrings";"Nenner";"Denominator";"Dénominateur";"en=machine_translated / fr=machine_translated";"";"";""
"113";"BackPlaner/Localizable.xcstrings";"Neue Einheit";"New unit";"Nouvelle unité";"en=machine_translated / fr=machine_translated";"";"";""
"114";"BackPlaner/Localizable.xcstrings";"Noch kein Rezeptbild";"No recipe image yet";"Pas encore d’image de recette";"en=machine_translated / fr=machine_translated";"";"";""
"115";"BackPlaner/Localizable.xcstrings";"Nummer";"Number";"Numéro";"en=machine_translated / fr=machine_translated";"";"";""
"116";"BackPlaner/Localizable.xcstrings";"Nur auf dem Gerät";"On this device only";"Uniquement sur l’appareil";"en=machine_translated / fr=machine_translated";"";"";""
"117";"BackPlaner/Localizable.xcstrings";"Nur auf dem Gerät speichern";"Save on this device only";"Enregistrer uniquement sur l’appareil";"en=machine_translated / fr=machine_translated";"";"";""
"118";"BackPlaner/Localizable.xcstrings";"Nur meine";"Mine only";"Les miennes";"en=machine_translated / fr=machine_translated";"";"";""
"119";"BackPlaner/Localizable.xcstrings";"Öffentlich für alle";"Public for everyone";"Public pour tous";"en=machine_translated / fr=machine_translated";"";"";""
"120";"BackPlaner/Localizable.xcstrings";"Öffnet die Seiten im Browser.";"Opens the pages in your browser.";"Ouvre les pages dans le navigateur.";"en=machine_translated / fr=machine_translated";"";"";""
"121";"BackPlaner/Localizable.xcstrings";"Privat in der Cloud";"Private in the cloud";"Privé dans le cloud";"en=machine_translated / fr=machine_translated";"";"";""
"122";"BackPlaner/Localizable.xcstrings";"Privat in der Cloud speichern";"Save privately in the cloud";"Enregistrer en privé dans le cloud";"en=machine_translated / fr=machine_translated";"";"";""
"123";"BackPlaner/Localizable.xcstrings";"Private Rezepte in der Rezept-Datenbank gehören zu Deinem Apple-Konto. Ohne Anmeldung wäre das Rezept nach einer Neuinstallation nicht mehr erreichbar.";"Private recipes in the recipe database belong to your Apple Account. Without signing in, the recipe would no longer be accessible after you reinstall the app.";"Les recettes privées dans la base de recettes sont liées à votre compte Apple. Sans connexion, la recette ne serait plus accessible après une réinstallation.";"en=machine_translated / fr=machine_translated";"langer Text";"";""
"124";"BackPlaner/Localizable.xcstrings";"Quelle";"Source";"Source";"en=machine_translated / fr=machine_translated";"";"";""
"125";"BackPlaner/Localizable.xcstrings";"Rezept veröffentlichen?";"Publish recipe?";"Publier la recette ?";"en=machine_translated / fr=machine_translated";"";"";""
"126";"BackPlaner/Localizable.xcstrings";"Rezept von einer Internetseite";"Recipe from a Web Page";"Recette depuis une page web";"en=machine_translated / fr=machine_translated";"";"";""
"127";"BackPlaner/Localizable.xcstrings";"Rezept von einer Internetseite importieren";"Import recipe from a web page";"Importer une recette depuis une page web";"en=machine_translated / fr=machine_translated";"";"";""
"128";"BackPlaner/Localizable.xcstrings";"Rezept wird auf dem Gerät analysiert …";"Analyzing recipe on this device …";"Analyse de la recette sur l’appareil …";"en=machine_translated / fr=machine_translated";"";"";""
"129";"BackPlaner/Localizable.xcstrings";"Rezept wird in der Cloud analysiert …";"Analyzing recipe in the cloud …";"Analyse de la recette dans le cloud …";"en=machine_translated / fr=machine_translated";"";"";""
"130";"BackPlaner/Localizable.xcstrings";"Rezept wird veröffentlicht …";"Publishing recipe…";"La recette est en cours de publication…";"en=machine_translated / fr=machine_translated";"";"";""
"131";"BackPlaner/Localizable.xcstrings";"Rezept wurde veröffentlicht";"Recipe was published";"La recette a été publiée";"en=machine_translated / fr=machine_translated";"";"";""
"132";"BackPlaner/Localizable.xcstrings";"Rezeptbild";"Recipe image";"Image de la recette";"en=machine_translated / fr=machine_translated";"";"";""
"133";"BackPlaner/Localizable.xcstrings";"Rezeptbild vergrößern";"Enlarge recipe image";"Agrandir l’image de la recette";"en=machine_translated / fr=machine_translated";"";"";""
"134";"BackPlaner/Localizable.xcstrings";"Rezepte filtern";"Filter recipes";"Filtrer les recettes";"en=machine_translated / fr=machine_translated";"";"";""
"135";"BackPlaner/Localizable.xcstrings";"Rezeptname";"Recipe name";"Nom de la recette";"en=machine_translated / fr=machine_translated";"";"";""
"136";"BackPlaner/Localizable.xcstrings";"Schritt %@";"Step %@";"Étape %@";"en=machine_translated / fr=machine_translated";"Platzhalter";"";""
"137";"BackPlaner/Localizable.xcstrings";"Seite";"Page";"Page";"en=machine_translated / fr=machine_translated";"";"";""
"138";"BackPlaner/Localizable.xcstrings";"Seite laden und analysieren";"Load and Analyze Page";"Charger et analyser la page";"en=machine_translated / fr=machine_translated";"";"";""
"139";"BackPlaner/Localizable.xcstrings";"Seite nicht verfügbar";"Page not available";"Page indisponible";"en=machine_translated / fr=machine_translated";"";"";""
"140";"BackPlaner/Localizable.xcstrings";"Seite wird geladen …";"Loading page …";"Chargement de la page …";"en=machine_translated / fr=machine_translated";"";"";""
"141";"BackPlaner/Localizable.xcstrings";"Seiten mit Anmeldung, Bezahlschranke oder Cookie-Hinweis lassen sich oft nicht auslesen. Für den privaten Gebrauch ist der Import unbedenklich; veröffentliche fremde Rezepte nur mit Erlaubnis.";"Pages behind a login, paywall, or cookie notice often cannot be read. Importing for private use is fine; publish other people’s recipes only with permission.";"Les pages avec connexion, paywall ou bandeau de cookies ne peuvent souvent pas être lues. L’importation pour un usage privé ne pose pas de problème ; ne publiez les recettes d’autrui qu’avec leur autorisation.";"en=machine_translated / fr=machine_translated";"langer Text";"";""
"142";"BackPlaner/Localizable.xcstrings";"Speichern fehlgeschlagen";"Saving failed";"Échec de l’enregistrement";"en=machine_translated / fr=machine_translated";"";"";""
"143";"BackPlaner/Localizable.xcstrings";"Spezial (zweispaltig)";"Special (two-column)";"Spécial (deux colonnes)";"en=machine_translated / fr=machine_translated";"";"";""
"144";"BackPlaner/Localizable.xcstrings";"Sprache wählen";"Choose language";"Choisir la langue";"en=machine_translated / fr=machine_translated";"";"";""
"145";"BackPlaner/Localizable.xcstrings";"Stimmt der Name nicht, tippe ihn oben an — dann kannst du die richtige Zeile direkt auf der Seite auswählen.";"If the name is wrong, tap it above — you can then pick the right line directly on the page.";"Si le nom est incorrect, appuyez dessus ci-dessus : vous pourrez alors choisir la bonne ligne directement sur la page.";"en=machine_translated / fr=machine_translated";"";"";""
"146";"BackPlaner/Localizable.xcstrings";"Stück";"Pieces";"Pièces";"en=machine_translated / fr=machine_translated";"";"";""
"147";"BackPlaner/Localizable.xcstrings";"Tippe den Namen unten ein.";"Type the name below.";"Saisissez le nom ci-dessous.";"en=machine_translated / fr=machine_translated";"";"";""
"148";"BackPlaner/Localizable.xcstrings";"Tippe die Zeile an, die der Rezeptname sein soll. Steht der Name nicht auf der Seite, kannst du ihn unten eintippen.";"Tap the line that should be the recipe name. If the name isn’t on the page, you can type it below.";"Appuyez sur la ligne qui doit servir de nom à la recette. Si le nom ne figure pas sur la page, saisissez-le ci-dessous.";"en=machine_translated / fr=machine_translated";"";"";""
"149";"BackPlaner/Localizable.xcstrings";"Übersetzt …";"Translating …";"Traduction en cours …";"en=machine_translated / fr=machine_translated";"";"";""
"150";"BackPlaner/Localizable.xcstrings";"Umrechnung";"Conversion";"Conversion";"en=machine_translated / fr=machine_translated";"";"";""
"151";"BackPlaner/Localizable.xcstrings";"Unter dieser Adresse liegt keine Internetseite, sondern zum Beispiel eine PDF- oder Bilddatei.";"This address does not lead to a web page but, for example, to a PDF or image file.";"Cette adresse ne mène pas à une page web, mais par exemple à un fichier PDF ou image.";"en=machine_translated / fr=machine_translated";"";"";""
"152";"BackPlaner/Localizable.xcstrings";"Url Link";"URL link";"Lien URL";"en=machine_translated / fr=machine_translated";"";"";""
"153";"BackPlaner/Localizable.xcstrings";"Verarbeitungsschritt bearbeiten";"Edit processing step";"Modifier l’étape de préparation";"en=machine_translated / fr=machine_translated";"";"";""
"154";"BackPlaner/Localizable.xcstrings";"Veröffentlichen";"Publish";"Publier";"en=machine_translated / fr=machine_translated";"";"";""
"155";"BackPlaner/Localizable.xcstrings";"Veröffentlichen fehlgeschlagen";"Publishing failed";"Échec de la publication";"en=machine_translated / fr=machine_translated";"";"";""
"156";"BackPlaner/Localizable.xcstrings";"Von Dir gemeldete Rezepte";"Recipes You Reported";"Recettes que vous avez signalées";"en=machine_translated / fr=machine_translated";"";"";""
"157";"BackPlaner/Localizable.xcstrings";"Weitere Aktionen";"More actions";"Plus d’actions";"en=machine_translated / fr=machine_translated";"";"";""
"158";"BackPlaner/Localizable.xcstrings";"Wenn Du die geschützte Cloud-KI auswählst, verarbeitet BackPlaner die von Dir ausgewählten Rezeptbilder oder den Rezepttext und die Adresse der von Dir angegebenen Internetseite sowie technische Schutzdaten der Anfrage. Dazu gehören eine pseudonyme Firebase-Nutzerkennung und der Nachweis von Firebase App Check.";"If you choose the protected cloud AI, BackPlaner processes the recipe images you selected or the recipe text and address of the web page you entered, together with technical protection data of the request. This includes a pseudonymous Firebase user ID and the Firebase App Check attestation.";"Si vous choisissez l’IA cloud protégée, BackPlaner traite les images de recettes que vous avez sélectionnées ou le texte de recette et l’adresse de la page web que vous avez indiquée, ainsi que des données techniques de protection de la demande. Celles-ci comprennent un identifiant d’utilisateur Firebase pseudonyme et l’attestation Firebase App Check.";"en=machine_translated / fr=machine_translated";"langer Text";"";""
"159";"BackPlaner/Localizable.xcstrings";"Wie viel Gramm eine Einheit wiegt. Ein Pfund wären 500.";"How many grams one unit weighs. A pound would be 500.";"Combien de grammes pèse une unité. Une livre correspondrait à 500.";"en=machine_translated / fr=machine_translated";"";"";""
"160";"BackPlaner/Localizable.xcstrings";"Wie viele Milliliter eine Einheit enthält. Ein Becher wären etwa 250. Das Gewicht rechnet die App je Zutat daraus.";"How many milliliters one unit holds. A cup would be about 250. The app works out the weight from that, per ingredient.";"Combien de millilitres contient une unité. Une tasse correspondrait à environ 250. L’app en déduit le poids pour chaque ingrédient.";"en=machine_translated / fr=machine_translated";"";"";""
"161";"BackPlaner/Localizable.xcstrings";"Wird gezählt, nicht gewogen. Die Umrechnung bleibt 1.";"Counted rather than weighed. The conversion stays 1.";"Comptée, pas pesée. La conversion reste 1.";"en=machine_translated / fr=machine_translated";"";"";""
"162";"BackPlaner/Localizable.xcstrings";"Zähler";"Numerator";"Numérateur";"en=machine_translated / fr=machine_translated";"";"";""
"163";"BackPlaner/Localizable.xcstrings";"Zur Sicherheit musst Du Dich noch einmal anmelden, bevor das Konto gelöscht wird.";"For security, you need to sign in once more before the account is deleted.";"Par mesure de sécurité, vous devez vous reconnecter avant la suppression du compte.";"en=machine_translated / fr=machine_translated";"";"";""
"164";"BackPlaner/Localizable.xcstrings";"Zutat bearbeiten";"Edit ingredient";"Modifier l’ingrédient";"en=machine_translated / fr=machine_translated";"";"";""
"165";"BackPlaner/Localizable.xcstrings";"Zutat entfernen";"Remove ingredient";"Retirer l’ingrédient";"en=machine_translated / fr=machine_translated";"";"";""
"166";"BackPlaner/Localizable.xcstrings";"Zutat von der Einkaufsliste entfernen";"Remove ingredient from shopping list";"Retirer l’ingrédient de la liste de courses";"en=machine_translated / fr=machine_translated";"";"";""
"167";"BackPlaner/InfoPlist.xcstrings";"BakePlanner";"BakePlanner";"BakePlanner";"en=new / fr=machine_translated";"";"";""
"168";"BackPlaner/InfoPlist.xcstrings";"BakePlanner";"BakePlanner";"BakePlanner";"en=machine_translated / fr=translated";"";"";""
"169";"BackPlaner/InfoPlist.xcstrings";"BakePlanner verwendet die Kamera, um Fotos deiner Rezepte und fertigen Backwaren aufzunehmen.";"BakePlanner uses the camera to take photos of your recipes and finished bakes.";"BakePlanner utilise l’appareil photo pour prendre des photos de vos recettes et de vos préparations terminées.";"en=machine_translated / fr=translated";"";"";""
"170";"BackPlaner/InfoPlist.xcstrings";"BakePlanner greift auf deine Fotomediathek zu, damit du Bilder deiner Rezepte und Backwaren hinzufügen kannst.";"BakePlanner accesses your photo library so you can add pictures of your recipes and bakes.";"BakePlanner accède à votre photothèque afin que vous puissiez ajouter des images de vos recettes et de vos préparations.";"en=machine_translated / fr=translated";"";"";""
